"Anas et. al","","","PrivQuant","",""
"Size 1","Size 2","Size 3","Size 1","Size 2","Size 3"
0.298,0.686,0.016,0.536,0.464,0.0
0.404,0.592,0.004,0.472,0.524,0.004
0.262,0.718,0.02,0.452,0.546,0.002
0.326,0.67,0.004,0.514,0.486,0.0
0.226,0.742,0.032,0.478,0.522,0.0
0.348,0.648,0.004,0.478,0.522,0.0
0.28,0.708,0.012,0.42,0.578,0.002
0.196,0.786,0.018,0.424,0.574,0.002
0.238,0.74,0.022,0.47,0.528,0.002
0.304,0.686,0.01,0.444,0.554,0.002
0.338,0.662,0.0,0.46,0.54,0.0
0.068,0.82,0.112,0.434,0.566,0.0
0.298,0.69,0.012,0.484,0.516,0.0
0.276,0.716,0.008,0.468,0.53,0.002
0.262,0.73,0.008,0.456,0.542,0.002
0.354,0.634,0.012,0.542,0.456,0.002
0.296,0.696,0.008,0.426,0.574,0.0
0.378,0.62,0.002,0.478,0.522,0.0
0.262,0.718,0.02,0.498,0.502,0.0
0.304,0.684,0.012,0.482,0.518,0.0
0.234,0.754,0.012,0.46,0.54,0.0
0.228,0.764,0.008,0.462,0.538,0.0
0.366,0.632,0.002,0.56,0.438,0.002
0.312,0.676,0.012,0.436,0.562,0.002
0.236,0.752,0.012,0.408,0.592,0.0
0.212,0.762,0.026,0.446,0.552,0.002
0.354,0.64,0.006,0.476,0.522,0.002
0.264,0.724,0.012,0.442,0.556,0.002
0.344,0.646,0.01,0.468,0.53,0.002
0.032,0.792,0.176,0.454,0.544,0.002
0.254,0.732,0.014,0.436,0.564,0.0
0.348,0.646,0.006,0.496,0.502,0.002
0.374,0.626,0.0,0.468,0.532,0.0
0.26,0.734,0.006,0.448,0.552,0.0
0.368,0.63,0.002,0.458,0.542,0.0
0.294,0.692,0.014,0.444,0.554,0.002
0.218,0.762,0.02,0.43,0.57,0.0
0.34,0.656,0.004,0.458,0.54,0.002
0.248,0.728,0.024,0.45,0.548,0.002
0.15,0.814,0.036,0.426,0.572,0.002
0.098,0.828,0.074,0.412,0.586,0.002
0.366,0.63,0.004,0.504,0.494,0.002
0.354,0.642,0.004,0.46,0.54,0.0
0.352,0.642,0.006,0.476,0.52,0.004
0.276,0.704,0.02,0.444,0.554,0.002
0.244,0.728,0.028,0.42,0.58,0.0
0.014,0.774,0.212,0.522,0.476,0.002
0.302,0.69,0.008,0.518,0.482,0.0
0.262,0.718,0.02,0.44,0.556,0.004
0.092,0.824,0.084,0.464,0.534,0.002
0.29,0.694,0.016,0.452,0.548,0.0
0.308,0.678,0.014,0.484,0.516,0.0
0.262,0.724,0.014,0.438,0.562,0.0
0.036,0.818,0.146,0.484,0.516,0.0
0.174,0.772,0.054,0.474,0.524,0.002
0.246,0.732,0.022,0.448,0.55,0.002
0.272,0.718,0.01,0.43,0.57,0.0
0.18,0.79,0.03,0.414,0.586,0.0
0.138,0.798,0.064,0.472,0.528,0.0
0.298,0.688,0.014,0.44,0.558,0.002
0.374,0.626,0.0,0.458,0.542,0.0
0.0,0.0,1.0,0.436,0.564,0.0
0.148,0.8,0.052,0.486,0.512,0.002
0.316,0.676,0.008,0.438,0.562,0.0
0.086,0.83,0.084,0.466,0.534,0.0
0.254,0.726,0.02,0.452,0.548,0.0
0.256,0.718,0.026,0.502,0.498,0.0
0.07,0.818,0.112,0.426,0.57,0.004
0.194,0.774,0.032,0.486,0.514,0.0
0.226,0.752,0.022,0.452,0.546,0.002
0.292,0.696,0.012,0.458,0.54,0.002
0.08,0.8,0.12,0.52,0.48,0.0
0.262,0.716,0.022,0.486,0.51,0.004
0.1,0.812,0.088,0.506,0.494,0.0
0.012,0.788,0.2,0.418,0.582,0.0
0.246,0.73,0.024,0.468,0.53,0.002
0.032,0.814,0.154,0.432,0.568,0.0
0.358,0.636,0.006,0.468,0.532,0.0
0.3,0.684,0.016,0.508,0.49,0.002
0.272,0.708,0.02,0.446,0.554,0.0
0.174,0.784,0.042,0.44,0.556,0.004
0.254,0.726,0.02,0.462,0.536,0.002
0.032,0.838,0.13,0.454,0.546,0.0
0.22,0.752,0.028,0.424,0.574,0.002
0.274,0.712,0.014,0.46,0.538,0.002
0.22,0.766,0.014,0.426,0.574,0.0
0.348,0.648,0.004,0.454,0.546,0.0
0.322,0.67,0.008,0.412,0.586,0.002
0.0,0.646,0.354,0.502,0.498,0.0
0.344,0.648,0.008,0.46,0.538,0.002
0.284,0.7,0.016,0.488,0.512,0.0
0.246,0.744,0.01,0.452,0.548,0.0
0.338,0.66,0.002,0.512,0.488,0.0
0.332,0.658,0.01,0.532,0.466,0.002
0.322,0.672,0.006,0.442,0.558,0.0
0.298,0.69,0.012,0.474,0.524,0.002
0.302,0.69,0.008,0.488,0.512,0.0
0.196,0.768,0.036,0.444,0.554,0.002
0.374,0.624,0.002,0.472,0.528,0.0
0.292,0.694,0.014,0.47,0.528,0.002
0.262,0.726,0.012,0.462,0.538,0.0
0.166,0.802,0.032,0.46,0.54,0.0
0.206,0.772,0.022,0.434,0.564,0.002
0.19,0.778,0.032,0.478,0.518,0.004
0.154,0.794,0.052,0.48,0.52,0.0
0.288,0.694,0.018,0.522,0.476,0.002
0.208,0.764,0.028,0.444,0.554,0.002
0.284,0.704,0.012,0.464,0.536,0.0
0.286,0.698,0.016,0.574,0.424,0.002
0.258,0.72,0.022,0.452,0.548,0.0
0.116,0.822,0.062,0.448,0.548,0.004
0.066,0.824,0.11,0.458,0.542,0.0
0.374,0.626,0.0,0.476,0.524,0.0
0.188,0.782,0.03,0.454,0.546,0.0
0.396,0.602,0.002,0.56,0.44,0.0
0.0,0.216,0.784,0.482,0.518,0.0
0.224,0.76,0.016,0.462,0.538,0.0
0.128,0.82,0.052,0.454,0.544,0.002
0.008,0.754,0.238,0.454,0.542,0.004
0.008,0.734,0.258,0.428,0.57,0.002
0.18,0.788,0.032,0.462,0.536,0.002
0.336,0.654,0.01,0.492,0.506,0.002
0.348,0.64,0.012,0.474,0.524,0.002
0.356,0.64,0.004,0.466,0.534,0.0
0.33,0.664,0.006,0.474,0.524,0.002
0.178,0.776,0.046,0.476,0.522,0.002
0.302,0.688,0.01,0.44,0.558,0.002
0.256,0.734,0.01,0.47,0.53,0.0
0.066,0.81,0.124,0.478,0.52,0.002
0.33,0.658,0.012,0.486,0.512,0.002
0.328,0.658,0.014,0.482,0.516,0.002
0.184,0.776,0.04,0.484,0.514,0.002
0.268,0.718,0.014,0.438,0.56,0.002
0.352,0.646,0.002,0.472,0.528,0.0
0.274,0.712,0.014,0.496,0.502,0.002
0.14,0.81,0.05,0.468,0.532,0.0
0.1,0.842,0.058,0.486,0.514,0.0
0.228,0.754,0.018,0.49,0.51,0.0
0.37,0.626,0.004,0.516,0.484,0.0
0.314,0.68,0.006,0.422,0.578,0.0
0.17,0.794,0.036,0.466,0.532,0.002
0.334,0.66,0.006,0.5,0.5,0.0
0.378,0.614,0.008,0.476,0.524,0.0
0.374,0.62,0.006,0.504,0.494,0.002
0.308,0.678,0.014,0.462,0.536,0.002
0.028,0.814,0.158,0.44,0.558,0.002
0.296,0.692,0.012,0.432,0.566,0.002
0.342,0.646,0.012,0.474,0.524,0.002
0.27,0.71,0.02,0.444,0.554,0.002
0.14,0.816,0.044,0.444,0.556,0.0
0.132,0.828,0.04,0.468,0.532,0.0
0.348,0.644,0.008,0.454,0.546,0.0
0.13,0.812,0.058,0.448,0.552,0.0
0.32,0.674,0.006,0.464,0.534,0.002
0.28,0.704,0.016,0.424,0.574,0.002
0.196,0.772,0.032,0.468,0.528,0.004
0.242,0.75,0.008,0.392,0.606,0.002
0.272,0.716,0.012,0.456,0.544,0.0
0.306,0.688,0.006,0.428,0.57,0.002
0.288,0.704,0.008,0.49,0.508,0.002
0.25,0.736,0.014,0.458,0.542,0.0
0.266,0.718,0.016,0.46,0.54,0.0
0.166,0.792,0.042,0.448,0.55,0.002
0.278,0.702,0.02,0.4,0.598,0.002
0.07,0.83,0.1,0.374,0.624,0.002
0.21,0.764,0.026,0.564,0.436,0.0
0.176,0.794,0.03,0.526,0.474,0.0
0.258,0.728,0.014,0.462,0.538,0.0
0.082,0.828,0.09,0.422,0.578,0.0
0.394,0.604,0.002,0.534,0.466,0.0
0.304,0.688,0.008,0.444,0.552,0.004
0.314,0.678,0.008,0.448,0.552,0.0
0.144,0.812,0.044,0.436,0.562,0.002
0.28,0.704,0.016,0.464,0.534,0.002
0.158,0.812,0.03,0.44,0.556,0.004
0.276,0.706,0.018,0.474,0.524,0.002
0.078,0.814,0.108,0.448,0.552,0.0
0.354,0.64,0.006,0.444,0.554,0.002
0.28,0.712,0.008,0.474,0.526,0.0
0.15,0.806,0.044,0.428,0.572,0.0
0.25,0.734,0.016,0.472,0.526,0.002
0.34,0.656,0.004,0.438,0.562,0.0
0.196,0.77,0.034,0.366,0.63,0.004
0.238,0.74,0.022,0.47,0.53,0.0
0.314,0.676,0.01,0.488,0.51,0.002
0.164,0.788,0.048,0.456,0.544,0.0
0.254,0.732,0.014,0.42,0.58,0.0
0.158,0.806,0.036,0.456,0.542,0.002
0.334,0.656,0.01,0.528,0.47,0.002
0.166,0.788,0.046,0.462,0.536,0.002
0.228,0.754,0.018,0.426,0.574,0.0
0.342,0.636,0.022,0.476,0.524,0.0
0.334,0.658,0.008,0.47,0.528,0.002
0.024,0.846,0.13,0.474,0.524,0.002
0.274,0.716,0.01,0.468,0.532,0.0
0.324,0.672,0.004,0.43,0.57,0.0
0.294,0.692,0.014,0.452,0.548,0.0
0.28,0.708,0.012,0.454,0.546,0.0
0.24,0.742,0.018,0.426,0.57,0.004
0.214,0.766,0.02,0.462,0.538,0.0
0.334,0.658,0.008,0.48,0.52,0.0
0.342,0.65,0.008,0.464,0.536,0.0
0.342,0.648,0.01,0.45,0.55,0.0
0.358,0.638,0.004,0.502,0.498,0.0
0.332,0.662,0.006,0.47,0.53,0.0
0.314,0.676,0.01,0.47,0.53,0.0
0.348,0.648,0.004,0.446,0.55,0.004
0.218,0.758,0.024,0.524,0.476,0.0
0.344,0.652,0.004,0.458,0.542,0.0
0.02,0.786,0.194,0.452,0.548,0.0
0.208,0.768,0.024,0.43,0.57,0.0
0.384,0.616,0.0,0.482,0.518,0.0
0.242,0.736,0.022,0.43,0.568,0.002
0.178,0.8,0.022,0.452,0.548,0.0
0.362,0.628,0.01,0.46,0.536,0.004
0.326,0.668,0.006,0.448,0.552,0.0
0.296,0.692,0.012,0.472,0.528,0.0
0.282,0.706,0.012,0.434,0.564,0.002
0.188,0.786,0.026,0.492,0.506,0.002
0.318,0.676,0.006,0.454,0.544,0.002
0.334,0.656,0.01,0.48,0.518,0.002
0.284,0.704,0.012,0.47,0.528,0.002
0.14,0.816,0.044,0.448,0.552,0.0
0.312,0.68,0.008,0.422,0.578,0.0
0.378,0.612,0.01,0.54,0.458,0.002
0.384,0.614,0.002,0.492,0.506,0.002
0.338,0.652,0.01,0.506,0.494,0.0
0.132,0.812,0.056,0.464,0.534,0.002
0.278,0.706,0.016,0.458,0.54,0.002
0.184,0.792,0.024,0.444,0.554,0.002
0.294,0.692,0.014,0.468,0.532,0.0
0.156,0.806,0.038,0.478,0.52,0.002
0.248,0.732,0.02,0.44,0.558,0.002
0.338,0.654,0.008,0.5,0.498,0.002
0.302,0.686,0.012,0.516,0.484,0.0
0.228,0.746,0.026,0.462,0.536,0.002
0.04,0.822,0.138,0.434,0.564,0.002
0.136,0.814,0.05,0.462,0.538,0.0
0.358,0.64,0.002,0.506,0.494,0.0
0.278,0.702,0.02,0.482,0.516,0.002
0.286,0.712,0.002,0.396,0.604,0.0
0.28,0.708,0.012,0.432,0.564,0.004
0.336,0.65,0.014,0.474,0.526,0.0
0.244,0.74,0.016,0.456,0.542,0.002
0.278,0.706,0.016,0.488,0.51,0.002
0.252,0.728,0.02,0.486,0.512,0.002
0.198,0.776,0.026,0.398,0.602,0.0
0.332,0.664,0.004,0.458,0.542,0.0
0.3,0.684,0.016,0.536,0.464,0.0
0.21,0.762,0.028,0.466,0.532,0.002
0.188,0.768,0.044,0.496,0.502,0.002
0.33,0.662,0.008,0.506,0.494,0.0
0.18,0.776,0.044,0.426,0.57,0.004
0.306,0.692,0.002,0.434,0.566,0.0
0.224,0.766,0.01,0.448,0.552,0.0
0.03,0.774,0.196,0.46,0.536,0.004
0.346,0.644,0.01,0.472,0.528,0.0
0.232,0.75,0.018,0.426,0.574,0.0
0.352,0.644,0.004,0.462,0.538,0.0
0.36,0.636,0.004,0.474,0.524,0.002
0.338,0.65,0.012,0.466,0.532,0.002
0.076,0.828,0.096,0.45,0.55,0.0
0.222,0.76,0.018,0.48,0.52,0.0
0.312,0.68,0.008,0.47,0.528,0.002
0.084,0.808,0.108,0.48,0.518,0.002
0.292,0.69,0.018,0.464,0.534,0.002
0.232,0.756,0.012,0.448,0.552,0.0
0.242,0.742,0.016,0.442,0.556,0.002
0.234,0.75,0.016,0.47,0.53,0.0
0.312,0.676,0.012,0.472,0.526,0.002
0.276,0.71,0.014,0.538,0.46,0.002
0.126,0.788,0.086,0.466,0.534,0.0
0.358,0.64,0.002,0.462,0.538,0.0
0.12,0.836,0.044,0.438,0.56,0.002
0.248,0.73,0.022,0.412,0.588,0.0
0.276,0.712,0.012,0.408,0.592,0.0
0.148,0.81,0.042,0.46,0.54,0.0
0.28,0.706,0.014,0.454,0.546,0.0
0.208,0.764,0.028,0.488,0.51,0.002
0.318,0.666,0.016,0.46,0.538,0.002
0.2,0.774,0.026,0.412,0.586,0.002
0.228,0.752,0.02,0.46,0.538,0.002
0.248,0.728,0.024,0.514,0.482,0.004
0.364,0.632,0.004,0.454,0.546,0.0
0.318,0.666,0.016,0.492,0.506,0.002
0.244,0.732,0.024,0.45,0.548,0.002
0.282,0.704,0.014,0.444,0.556,0.0
0.304,0.678,0.018,0.504,0.494,0.002
0.328,0.66,0.012,0.474,0.526,0.0
0.28,0.708,0.012,0.424,0.576,0.0
0.244,0.75,0.006,0.472,0.528,0.0
0.222,0.758,0.02,0.462,0.536,0.002
0.378,0.618,0.004,0.488,0.508,0.004
0.294,0.694,0.012,0.458,0.542,0.0
0.316,0.668,0.016,0.484,0.514,0.002
0.084,0.802,0.114,0.576,0.424,0.0
0.214,0.766,0.02,0.462,0.538,0.0
0.14,0.786,0.074,0.428,0.568,0.004
0.318,0.668,0.014,0.444,0.554,0.002
0.338,0.66,0.002,0.442,0.558,0.0
0.138,0.816,0.046,0.47,0.53,0.0
0.208,0.76,0.032,0.466,0.532,0.002
0.348,0.646,0.006,0.466,0.53,0.004
0.106,0.822,0.072,0.406,0.59,0.004
0.344,0.648,0.008,0.446,0.552,0.002
0.332,0.66,0.008,0.496,0.502,0.002
0.332,0.652,0.016,0.462,0.536,0.002
0.328,0.666,0.006,0.454,0.544,0.002
0.272,0.714,0.014,0.448,0.55,0.002
0.348,0.644,0.008,0.474,0.524,0.002
0.232,0.754,0.014,0.49,0.508,0.002
0.3,0.688,0.012,0.466,0.532,0.002
0.266,0.718,0.016,0.554,0.444,0.002
0.38,0.618,0.002,0.53,0.468,0.002
0.048,0.84,0.112,0.47,0.528,0.002
0.346,0.646,0.008,0.46,0.538,0.002
0.356,0.636,0.008,0.46,0.536,0.004
0.016,0.796,0.188,0.484,0.516,0.0
0.402,0.592,0.006,0.502,0.496,0.002
0.15,0.788,0.062,0.45,0.548,0.002
0.386,0.612,0.002,0.474,0.526,0.0
0.156,0.808,0.036,0.51,0.49,0.0
0.268,0.72,0.012,0.446,0.552,0.002
0.264,0.72,0.016,0.456,0.544,0.0
0.21,0.772,0.018,0.426,0.572,0.002
0.306,0.682,0.012,0.48,0.52,0.0
0.27,0.714,0.016,0.446,0.55,0.004
0.22,0.768,0.012,0.426,0.572,0.002
0.114,0.802,0.084,0.468,0.532,0.0
0.288,0.694,0.018,0.462,0.538,0.0
0.246,0.734,0.02,0.44,0.56,0.0
0.292,0.692,0.016,0.446,0.552,0.002
0.302,0.682,0.016,0.488,0.51,0.002
0.33,0.668,0.002,0.452,0.548,0.0
0.096,0.826,0.078,0.442,0.558,0.0
0.262,0.724,0.014,0.486,0.514,0.0
0.286,0.702,0.012,0.472,0.526,0.002
0.15,0.812,0.038,0.52,0.48,0.0
0.178,0.786,0.036,0.498,0.502,0.0
0.24,0.748,0.012,0.454,0.546,0.0
0.312,0.678,0.01,0.43,0.57,0.0
0.38,0.614,0.006,0.516,0.484,0.0
0.286,0.702,0.012,0.442,0.558,0.0
0.408,0.592,0.0,0.494,0.506,0.0
0.364,0.636,0.0,0.446,0.554,0.0
0.326,0.666,0.008,0.464,0.534,0.002
0.312,0.674,0.014,0.462,0.536,0.002
0.382,0.616,0.002,0.476,0.524,0.0
0.248,0.74,0.012,0.418,0.582,0.0
0.146,0.814,0.04,0.478,0.518,0.004
0.126,0.818,0.056,0.46,0.538,0.002
0.272,0.712,0.016,0.446,0.55,0.004
0.288,0.7,0.012,0.448,0.552,0.0
0.156,0.81,0.034,0.442,0.558,0.0
0.094,0.84,0.066,0.44,0.558,0.002
0.334,0.66,0.006,0.478,0.522,0.0
0.336,0.65,0.014,0.438,0.56,0.002
0.238,0.74,0.022,0.462,0.536,0.002
0.19,0.778,0.032,0.448,0.552,0.0
0.38,0.616,0.004,0.496,0.504,0.0
0.396,0.598,0.006,0.482,0.514,0.004
0.254,0.74,0.006,0.422,0.578,0.0
0.304,0.688,0.008,0.448,0.55,0.002
0.286,0.702,0.012,0.416,0.582,0.002
0.16,0.794,0.046,0.39,0.61,0.0
0.204,0.772,0.024,0.426,0.572,0.002
0.344,0.652,0.004,0.454,0.544,0.002
0.324,0.672,0.004,0.426,0.574,0.0
0.29,0.7,0.01,0.498,0.502,0.0
0.164,0.814,0.022,0.42,0.58,0.0
0.268,0.72,0.012,0.432,0.568,0.0
0.306,0.686,0.008,0.396,0.602,0.002
0.296,0.694,0.01,0.442,0.556,0.002
0.334,0.662,0.004,0.454,0.546,0.0
0.33,0.666,0.004,0.458,0.542,0.0
0.032,0.818,0.15,0.478,0.522,0.0
0.042,0.818,0.14,0.418,0.58,0.002
0.248,0.738,0.014,0.454,0.546,0.0
0.288,0.694,0.018,0.458,0.542,0.0
0.294,0.696,0.01,0.446,0.554,0.0
0.372,0.62,0.008,0.484,0.514,0.002
0.272,0.716,0.012,0.446,0.554,0.0
0.268,0.714,0.018,0.468,0.53,0.002
0.188,0.792,0.02,0.432,0.566,0.002
0.222,0.758,0.02,0.422,0.578,0.0
0.106,0.8,0.094,0.436,0.564,0.0
0.318,0.666,0.016,0.456,0.544,0.0
0.312,0.678,0.01,0.47,0.53,0.0
0.274,0.706,0.02,0.444,0.554,0.002
0.0,0.672,0.328,0.464,0.534,0.002
0.026,0.79,0.184,0.46,0.538,0.002
0.354,0.644,0.002,0.448,0.552,0.0
0.288,0.698,0.014,0.496,0.504,0.0
0.304,0.684,0.012,0.432,0.564,0.004
0.038,0.828,0.134,0.37,0.63,0.0
0.188,0.768,0.044,0.43,0.566,0.004
0.356,0.642,0.002,0.468,0.532,0.0
0.354,0.638,0.008,0.468,0.532,0.0
0.002,0.714,0.284,0.458,0.54,0.002
0.212,0.764,0.024,0.468,0.532,0.0
0.378,0.616,0.006,0.512,0.486,0.002
0.39,0.61,0.0,0.558,0.442,0.0
0.242,0.746,0.012,0.42,0.578,0.002
0.338,0.654,0.008,0.482,0.516,0.002
0.336,0.658,0.006,0.434,0.562,0.004
0.07,0.834,0.096,0.472,0.526,0.002
0.182,0.782,0.036,0.432,0.568,0.0
0.176,0.8,0.024,0.42,0.578,0.002
0.258,0.734,0.008,0.458,0.542,0.0
0.006,0.758,0.236,0.508,0.49,0.002
0.258,0.73,0.012,0.466,0.534,0.0
0.218,0.762,0.02,0.448,0.552,0.0
0.276,0.71,0.014,0.436,0.562,0.002
0.036,0.806,0.158,0.478,0.52,0.002
0.314,0.68,0.006,0.45,0.55,0.0
0.132,0.818,0.05,0.454,0.544,0.002
0.154,0.804,0.042,0.472,0.528,0.0
0.0,0.608,0.392,0.52,0.478,0.002
0.21,0.772,0.018,0.424,0.574,0.002
0.304,0.676,0.02,0.488,0.508,0.004
0.29,0.696,0.014,0.478,0.52,0.002
0.294,0.692,0.014,0.448,0.55,0.002
0.272,0.714,0.014,0.446,0.554,0.0
0.172,0.8,0.028,0.472,0.528,0.0
0.272,0.716,0.012,0.444,0.552,0.004
0.278,0.706,0.016,0.536,0.464,0.0
0.24,0.748,0.012,0.482,0.516,0.002
0.08,0.802,0.118,0.538,0.46,0.002
0.226,0.762,0.012,0.474,0.526,0.0
0.308,0.686,0.006,0.43,0.568,0.002
0.28,0.704,0.016,0.446,0.554,0.0
0.212,0.77,0.018,0.41,0.59,0.0
0.266,0.716,0.018,0.46,0.536,0.004
0.344,0.646,0.01,0.486,0.51,0.004
0.004,0.676,0.32,0.472,0.526,0.002
0.37,0.62,0.01,0.554,0.446,0.0
0.29,0.698,0.012,0.448,0.548,0.004
0.236,0.746,0.018,0.442,0.556,0.002
0.294,0.688,0.018,0.474,0.526,0.0
0.328,0.67,0.002,0.444,0.554,0.002
0.286,0.7,0.014,0.568,0.432,0.0
0.168,0.782,0.05,0.416,0.582,0.002
0.308,0.688,0.004,0.438,0.562,0.0
0.362,0.632,0.006,0.456,0.542,0.002
0.364,0.632,0.004,0.478,0.52,0.002
0.14,0.796,0.064,0.472,0.526,0.002
0.016,0.784,0.2,0.436,0.564,0.0
0.338,0.654,0.008,0.454,0.542,0.004
0.23,0.748,0.022,0.478,0.522,0.0
0.402,0.598,0.0,0.496,0.504,0.0
0.324,0.672,0.004,0.424,0.576,0.0
0.318,0.674,0.008,0.432,0.568,0.0
0.304,0.682,0.014,0.534,0.466,0.0
0.278,0.706,0.016,0.406,0.594,0.0
0.364,0.634,0.002,0.472,0.526,0.002
0.28,0.706,0.014,0.446,0.55,0.004
0.22,0.754,0.026,0.456,0.542,0.002
0.312,0.686,0.002,0.444,0.556,0.0
0.156,0.812,0.032,0.39,0.61,0.0
0.39,0.608,0.002,0.442,0.558,0.0
0.302,0.678,0.02,0.5,0.498,0.002
0.35,0.65,0.0,0.44,0.56,0.0
0.364,0.632,0.004,0.464,0.532,0.004
0.23,0.74,0.03,0.48,0.52,0.0
0.266,0.716,0.018,0.47,0.528,0.002
0.334,0.66,0.006,0.466,0.532,0.002
0.372,0.628,0.0,0.514,0.486,0.0
0.292,0.696,0.012,0.496,0.502,0.002
0.382,0.614,0.004,0.506,0.494,0.0
0.158,0.804,0.038,0.474,0.526,0.0
0.302,0.688,0.01,0.448,0.55,0.002
0.302,0.674,0.024,0.476,0.522,0.002
0.332,0.662,0.006,0.472,0.528,0.0
0.032,0.788,0.18,0.434,0.562,0.004
0.016,0.796,0.188,0.468,0.53,0.002
0.298,0.692,0.01,0.474,0.526,0.0
0.058,0.826,0.116,0.436,0.564,0.0
0.214,0.762,0.024,0.45,0.548,0.002
0.302,0.688,0.01,0.436,0.562,0.002
0.146,0.802,0.052,0.442,0.554,0.004
0.312,0.67,0.018,0.456,0.542,0.002
0.27,0.716,0.014,0.45,0.548,0.002
0.378,0.614,0.008,0.472,0.526,0.002
0.176,0.784,0.04,0.462,0.538,0.0
0.19,0.782,0.028,0.434,0.562,0.004
0.182,0.774,0.044,0.47,0.526,0.004
0.136,0.806,0.058,0.51,0.49,0.0
0.222,0.76,0.018,0.374,0.622,0.004
0.098,0.826,0.076,0.456,0.544,0.0
0.24,0.74,0.02,0.462,0.536,0.002
0.266,0.718,0.016,0.444,0.556,0.0
0.166,0.788,0.046,0.488,0.512,0.0
0.336,0.652,0.012,0.542,0.458,0.0
0.332,0.658,0.01,0.49,0.508,0.002
0.258,0.724,0.018,0.438,0.558,0.004
0.296,0.692,0.012,0.43,0.568,0.002
0.29,0.704,0.006,0.502,0.498,0.0
0.176,0.79,0.034,0.48,0.518,0.002
0.334,0.65,0.016,0.52,0.478,0.002
0.204,0.764,0.032,0.432,0.566,0.002
0.226,0.758,0.016,0.452,0.546,0.002
0.002,0.534,0.464,0.478,0.52,0.002
0.164,0.802,0.034,0.484,0.512,0.004
0.248,0.732,0.02,0.488,0.51,0.002
0.132,0.802,0.066,0.466,0.532,0.002
0.272,0.714,0.014,0.518,0.48,0.002
0.21,0.764,0.026,0.442,0.558,0.0
0.266,0.722,0.012,0.456,0.542,0.002
0.182,0.786,0.032,0.442,0.554,0.004
0.034,0.818,0.148,0.466,0.532,0.002
0.21,0.762,0.028,0.476,0.524,0.0
0.394,0.606,0.0,0.484,0.516,0.0
0.24,0.754,0.006,0.452,0.548,0.0
0.33,0.668,0.002,0.438,0.56,0.002
0.37,0.628,0.002,0.48,0.52,0.0
0.304,0.682,0.014,0.476,0.522,0.002
0.304,0.682,0.014,0.41,0.588,0.002
0.36,0.638,0.002,0.516,0.484,0.0
0.292,0.692,0.016,0.468,0.532,0.0
0.24,0.736,0.024,0.476,0.524,0.0
0.29,0.702,0.008,0.43,0.568,0.002
0.122,0.83,0.048,0.45,0.55,0.0
0.322,0.662,0.016,0.498,0.5,0.002
0.4,0.596,0.004,0.478,0.52,0.002
0.326,0.67,0.004,0.46,0.54,0.0
0.018,0.804,0.178,0.458,0.542,0.0
0.246,0.738,0.016,0.452,0.548,0.0
0.39,0.608,0.002,0.484,0.514,0.002
0.264,0.722,0.014,0.488,0.51,0.002
0.344,0.652,0.004,0.468,0.53,0.002
0.01,0.734,0.256,0.492,0.508,0.0
0.33,0.66,0.01,0.438,0.56,0.002
0.204,0.776,0.02,0.452,0.546,0.002
0.348,0.648,0.004,0.458,0.542,0.0
0.27,0.71,0.02,0.412,0.586,0.002
0.062,0.846,0.092,0.428,0.568,0.004
0.238,0.754,0.008,0.434,0.566,0.0
0.296,0.698,0.006,0.464,0.534,0.002
0.372,0.626,0.002,0.536,0.464,0.0
0.334,0.656,0.01,0.458,0.542,0.0
0.228,0.754,0.018,0.43,0.57,0.0
0.19,0.782,0.028,0.488,0.512,0.0
0.37,0.628,0.002,0.438,0.56,0.002
0.294,0.686,0.02,0.416,0.584,0.0
0.234,0.748,0.018,0.408,0.59,0.002
0.274,0.718,0.008,0.462,0.538,0.0
0.088,0.812,0.1,0.522,0.476,0.002
0.144,0.81,0.046,0.452,0.548,0.0
0.348,0.646,0.006,0.47,0.528,0.002
0.264,0.714,0.022,0.474,0.526,0.0
0.32,0.674,0.006,0.426,0.574,0.0
0.28,0.698,0.022,0.526,0.474,0.0
0.266,0.72,0.014,0.472,0.526,0.002
0.29,0.696,0.014,0.432,0.566,0.002
0.354,0.646,0.0,0.456,0.544,0.0
0.318,0.67,0.012,0.46,0.536,0.004
0.15,0.816,0.034,0.414,0.584,0.002
0.286,0.7,0.014,0.416,0.584,0.0
0.348,0.648,0.004,0.454,0.544,0.002
0.24,0.742,0.018,0.488,0.512,0.0
0.114,0.804,0.082,0.45,0.55,0.0
0.286,0.706,0.008,0.446,0.554,0.0
0.258,0.728,0.014,0.416,0.582,0.002
0.346,0.65,0.004,0.45,0.55,0.0
0.3,0.694,0.006,0.45,0.55,0.0
0.286,0.708,0.006,0.46,0.538,0.002
0.272,0.71,0.018,0.46,0.536,0.004
0.214,0.762,0.024,0.492,0.504,0.004
0.4,0.596,0.004,0.522,0.478,0.0
0.258,0.732,0.01,0.418,0.582,0.0
0.324,0.668,0.008,0.442,0.556,0.002
0.228,0.748,0.024,0.468,0.53,0.002
0.144,0.818,0.038,0.448,0.55,0.002
0.262,0.714,0.024,0.462,0.536,0.002
0.336,0.662,0.002,0.484,0.516,0.0
0.26,0.716,0.024,0.502,0.496,0.002
0.168,0.788,0.044,0.478,0.518,0.004
0.332,0.656,0.012,0.45,0.546,0.004
0.212,0.76,0.028,0.46,0.54,0.0
0.268,0.718,0.014,0.446,0.554,0.0
0.344,0.652,0.004,0.486,0.512,0.002
0.264,0.72,0.016,0.44,0.56,0.0
0.292,0.696,0.012,0.574,0.426,0.0
0.24,0.744,0.016,0.448,0.55,0.002
0.21,0.774,0.016,0.466,0.534,0.0
0.304,0.692,0.004,0.444,0.554,0.002
0.17,0.794,0.036,0.458,0.538,0.004
0.31,0.686,0.004,0.424,0.574,0.002
0.396,0.602,0.002,0.48,0.518,0.002
0.106,0.834,0.06,0.554,0.444,0.002
0.34,0.658,0.002,0.44,0.558,0.002
0.194,0.774,0.032,0.45,0.546,0.004
0.132,0.816,0.052,0.472,0.528,0.0
0.308,0.674,0.018,0.396,0.6,0.004
0.184,0.782,0.034,0.446,0.552,0.002
0.298,0.686,0.016,0.464,0.534,0.002
0.308,0.68,0.012,0.492,0.508,0.0
0.238,0.744,0.018,0.436,0.564,0.0
0.342,0.644,0.014,0.452,0.548,0.0
0.266,0.718,0.016,0.504,0.496,0.0
0.286,0.696,0.018,0.548,0.452,0.0
0.312,0.678,0.01,0.446,0.554,0.0
0.348,0.648,0.004,0.466,0.532,0.002
0.258,0.724,0.018,0.512,0.484,0.004
0.356,0.644,0.0,0.462,0.538,0.0
0.0,0.042,0.958,0.502,0.498,0.0
0.336,0.652,0.012,0.472,0.526,0.002
0.328,0.66,0.012,0.444,0.556,0.0
0.144,0.808,0.048,0.458,0.542,0.0
0.276,0.706,0.018,0.48,0.52,0.0
0.278,0.712,0.01,0.458,0.542,0.0
0.276,0.702,0.022,0.472,0.526,0.002
0.346,0.648,0.006,0.486,0.514,0.0
0.212,0.768,0.02,0.426,0.57,0.004
0.356,0.64,0.004,0.52,0.478,0.002
0.246,0.74,0.014,0.472,0.526,0.002
0.084,0.82,0.096,0.442,0.556,0.002
0.31,0.68,0.01,0.532,0.468,0.0
0.188,0.772,0.04,0.52,0.48,0.0
0.072,0.834,0.094,0.454,0.546,0.0
0.26,0.728,0.012,0.45,0.548,0.002
0.214,0.768,0.018,0.406,0.594,0.0
0.304,0.684,0.012,0.51,0.488,0.002
0.144,0.822,0.034,0.448,0.552,0.0
0.33,0.666,0.004,0.476,0.524,0.0
0.15,0.81,0.04,0.49,0.51,0.0
0.09,0.82,0.09,0.44,0.56,0.0
0.23,0.756,0.014,0.508,0.492,0.0
0.278,0.708,0.014,0.448,0.552,0.0
0.15,0.812,0.038,0.452,0.544,0.004
0.19,0.772,0.038,0.454,0.546,0.0
0.258,0.726,0.016,0.442,0.554,0.004
0.308,0.684,0.008,0.414,0.584,0.002
0.174,0.8,0.026,0.436,0.562,0.002
0.188,0.788,0.024,0.456,0.542,0.002
0.242,0.746,0.012,0.494,0.504,0.002
0.32,0.67,0.01,0.478,0.522,0.0
0.332,0.652,0.016,0.486,0.512,0.002
0.316,0.674,0.01,0.472,0.528,0.0
0.092,0.812,0.096,0.468,0.53,0.002
0.244,0.734,0.022,0.496,0.5,0.004
0.316,0.674,0.01,0.45,0.55,0.0
0.324,0.662,0.014,0.466,0.532,0.002
0.32,0.672,0.008,0.458,0.54,0.002
0.166,0.794,0.04,0.464,0.536,0.0
0.172,0.802,0.026,0.47,0.528,0.002
0.236,0.75,0.014,0.436,0.564,0.0
0.302,0.68,0.018,0.46,0.54,0.0
0.264,0.718,0.018,0.474,0.526,0.0
0.34,0.658,0.002,0.454,0.546,0.0
0.22,0.764,0.016,0.466,0.532,0.002
0.15,0.79,0.06,0.484,0.514,0.002
0.244,0.742,0.014,0.49,0.51,0.0
0.258,0.73,0.012,0.444,0.556,0.0
0.192,0.78,0.028,0.43,0.568,0.002
0.218,0.754,0.028,0.392,0.606,0.002
0.252,0.724,0.024,0.53,0.468,0.002
0.274,0.712,0.014,0.454,0.544,0.002
0.288,0.696,0.016,0.498,0.5,0.002
0.312,0.684,0.004,0.45,0.55,0.0
0.286,0.7,0.014,0.494,0.506,0.0
0.224,0.746,0.03,0.41,0.588,0.002
0.318,0.674,0.008,0.472,0.528,0.0
0.368,0.628,0.004,0.462,0.538,0.0
0.238,0.736,0.026,0.44,0.558,0.002
0.064,0.816,0.12,0.45,0.55,0.0
0.124,0.804,0.072,0.51,0.49,0.0
0.104,0.824,0.072,0.456,0.544,0.0
0.176,0.77,0.054,0.446,0.552,0.002
0.326,0.668,0.006,0.402,0.596,0.002
0.342,0.652,0.006,0.462,0.538,0.0
0.23,0.75,0.02,0.414,0.582,0.004
0.16,0.798,0.042,0.452,0.548,0.0
0.266,0.73,0.004,0.428,0.572,0.0
0.274,0.712,0.014,0.506,0.494,0.0
0.374,0.622,0.004,0.496,0.5,0.004
0.288,0.7,0.012,0.454,0.544,0.002
0.4,0.6,0.0,0.462,0.538,0.0
0.288,0.694,0.018,0.466,0.53,0.004
0.18,0.78,0.04,0.52,0.48,0.0
0.304,0.684,0.012,0.41,0.59,0.0
0.294,0.696,0.01,0.466,0.532,0.002
0.252,0.726,0.022,0.468,0.528,0.004
0.336,0.662,0.002,0.474,0.526,0.0
0.332,0.654,0.014,0.486,0.512,0.002
0.332,0.66,0.008,0.436,0.564,0.0
0.312,0.672,0.016,0.532,0.468,0.0
0.292,0.684,0.024,0.506,0.494,0.0
0.3,0.69,0.01,0.418,0.58,0.002
0.262,0.712,0.026,0.446,0.55,0.004
0.274,0.7,0.026,0.494,0.502,0.004
0.048,0.818,0.134,0.45,0.55,0.0
0.232,0.752,0.016,0.41,0.588,0.002
0.058,0.828,0.114,0.428,0.572,0.0
0.358,0.64,0.002,0.478,0.522,0.0
0.004,0.766,0.23,0.444,0.556,0.0
0.36,0.636,0.004,0.45,0.548,0.002
0.33,0.664,0.006,0.53,0.47,0.0
0.204,0.766,0.03,0.414,0.584,0.002
0.27,0.716,0.014,0.52,0.48,0.0
0.384,0.61,0.006,0.496,0.502,0.002
0.27,0.718,0.012,0.448,0.55,0.002
0.386,0.612,0.002,0.502,0.498,0.0
0.3,0.686,0.014,0.47,0.528,0.002
0.036,0.802,0.162,0.464,0.534,0.002
0.326,0.668,0.006,0.45,0.546,0.004
0.274,0.716,0.01,0.442,0.556,0.002
0.312,0.678,0.01,0.494,0.504,0.002
0.292,0.692,0.016,0.476,0.52,0.004
0.204,0.77,0.026,0.47,0.528,0.002
0.244,0.724,0.032,0.48,0.518,0.002
0.294,0.7,0.006,0.438,0.562,0.0
0.09,0.842,0.068,0.434,0.566,0.0
0.282,0.694,0.024,0.474,0.522,0.004
0.29,0.706,0.004,0.45,0.55,0.0
0.196,0.778,0.026,0.418,0.58,0.002
0.266,0.724,0.01,0.464,0.536,0.0
0.15,0.792,0.058,0.496,0.504,0.0
0.342,0.65,0.008,0.492,0.506,0.002
0.126,0.812,0.062,0.444,0.552,0.004
0.142,0.812,0.046,0.494,0.502,0.004
0.324,0.658,0.018,0.476,0.522,0.002
0.248,0.74,0.012,0.422,0.578,0.0
0.228,0.748,0.024,0.436,0.562,0.002
0.236,0.74,0.024,0.444,0.556,0.0
0.012,0.774,0.214,0.476,0.522,0.002
0.352,0.636,0.012,0.446,0.552,0.002
0.104,0.822,0.074,0.438,0.562,0.0
0.266,0.716,0.018,0.506,0.492,0.002
0.166,0.81,0.024,0.482,0.518,0.0
0.282,0.706,0.012,0.434,0.564,0.002
0.346,0.64,0.014,0.494,0.506,0.0
0.11,0.816,0.074,0.44,0.56,0.0
0.234,0.746,0.02,0.428,0.57,0.002
0.288,0.694,0.018,0.43,0.566,0.004
0.206,0.774,0.02,0.46,0.54,0.0
0.224,0.758,0.018,0.438,0.56,0.002
0.334,0.662,0.004,0.446,0.552,0.002
0.302,0.69,0.008,0.482,0.516,0.002
0.204,0.78,0.016,0.454,0.546,0.0
0.144,0.808,0.048,0.468,0.532,0.0
0.166,0.802,0.032,0.444,0.554,0.002
0.322,0.664,0.014,0.46,0.54,0.0
0.264,0.724,0.012,0.49,0.51,0.0
0.29,0.702,0.008,0.448,0.552,0.0
0.326,0.672,0.002,0.454,0.546,0.0
0.236,0.736,0.028,0.424,0.576,0.0
0.23,0.756,0.014,0.496,0.5,0.004
0.242,0.736,0.022,0.43,0.57,0.0
0.258,0.726,0.016,0.458,0.54,0.002
0.07,0.834,0.096,0.462,0.536,0.002
0.356,0.644,0.0,0.486,0.514,0.0
0.342,0.646,0.012,0.458,0.542,0.0
0.258,0.734,0.008,0.46,0.538,0.002
0.254,0.728,0.018,0.452,0.548,0.0
0.108,0.8,0.092,0.53,0.47,0.0
0.306,0.68,0.014,0.502,0.496,0.002
0.23,0.732,0.038,0.466,0.53,0.004
0.312,0.68,0.008,0.402,0.598,0.0
0.264,0.72,0.016,0.484,0.516,0.0
0.14,0.822,0.038,0.46,0.538,0.002
0.286,0.698,0.016,0.458,0.54,0.002
0.316,0.67,0.014,0.448,0.55,0.002
0.194,0.776,0.03,0.442,0.556,0.002
0.134,0.814,0.052,0.486,0.514,0.0
0.12,0.82,0.06,0.436,0.562,0.002
0.322,0.668,0.01,0.47,0.528,0.002
0.232,0.75,0.018,0.426,0.574,0.0
0.282,0.706,0.012,0.452,0.546,0.002
0.364,0.63,0.006,0.48,0.518,0.002
0.192,0.784,0.024,0.484,0.514,0.002
0.012,0.758,0.23,0.478,0.52,0.002
0.156,0.81,0.034,0.406,0.592,0.002
0.312,0.678,0.01,0.478,0.522,0.0
0.16,0.794,0.046,0.47,0.53,0.0
0.044,0.796,0.16,0.518,0.482,0.0
0.164,0.796,0.04,0.452,0.546,0.002
0.358,0.634,0.008,0.452,0.548,0.0
0.268,0.714,0.018,0.494,0.504,0.002
0.352,0.644,0.004,0.474,0.524,0.002
0.326,0.658,0.016,0.5,0.498,0.002
0.208,0.764,0.028,0.454,0.542,0.004
0.3,0.69,0.01,0.47,0.53,0.0
0.038,0.776,0.186,0.438,0.56,0.002
0.358,0.634,0.008,0.48,0.52,0.0
0.016,0.82,0.164,0.454,0.544,0.002
0.362,0.632,0.006,0.476,0.52,0.004
0.202,0.77,0.028,0.496,0.502,0.002
0.224,0.75,0.026,0.426,0.574,0.0
0.002,0.7,0.298,0.442,0.556,0.002
0.276,0.7,0.024,0.472,0.526,0.002
0.27,0.706,0.024,0.512,0.486,0.002
0.344,0.654,0.002,0.448,0.55,0.002
0.162,0.794,0.044,0.464,0.536,0.0
0.252,0.728,0.02,0.422,0.576,0.002
0.196,0.774,0.03,0.44,0.558,0.002
0.32,0.67,0.01,0.446,0.552,0.002
0.22,0.746,0.034,0.466,0.534,0.0
0.152,0.818,0.03,0.416,0.584,0.0
0.046,0.81,0.144,0.546,0.452,0.002
0.26,0.722,0.018,0.454,0.544,0.002
0.214,0.756,0.03,0.414,0.584,0.002
0.066,0.826,0.108,0.47,0.528,0.002
0.248,0.728,0.024,0.482,0.516,0.002
0.284,0.706,0.01,0.412,0.586,0.002
0.366,0.626,0.008,0.546,0.454,0.0
0.0,0.672,0.328,0.454,0.544,0.002
0.208,0.758,0.034,0.448,0.548,0.004
0.36,0.64,0.0,0.454,0.546,0.0
0.19,0.774,0.036,0.456,0.542,0.002
0.164,0.8,0.036,0.442,0.558,0.0
0.092,0.818,0.09,0.462,0.536,0.002
0.364,0.634,0.002,0.516,0.484,0.0
0.216,0.75,0.034,0.446,0.554,0.0
0.3,0.684,0.016,0.456,0.542,0.002
0.294,0.694,0.012,0.434,0.562,0.004
0.246,0.726,0.028,0.53,0.468,0.002
0.168,0.79,0.042,0.462,0.536,0.002
0.278,0.704,0.018,0.448,0.548,0.004
0.13,0.816,0.054,0.462,0.538,0.0
0.302,0.684,0.014,0.47,0.528,0.002
0.264,0.706,0.03,0.508,0.492,0.0
0.366,0.628,0.006,0.462,0.538,0.0
0.31,0.682,0.008,0.426,0.574,0.0
0.236,0.754,0.01,0.424,0.576,0.0
0.302,0.688,0.01,0.456,0.544,0.0
0.348,0.65,0.002,0.438,0.562,0.0
0.302,0.686,0.012,0.438,0.56,0.002
0.272,0.716,0.012,0.436,0.562,0.002
0.388,0.61,0.002,0.504,0.496,0.0
0.288,0.696,0.016,0.44,0.556,0.004
0.314,0.67,0.016,0.522,0.476,0.002
0.094,0.84,0.066,0.49,0.508,0.002
0.236,0.738,0.026,0.524,0.474,0.002
0.34,0.65,0.01,0.44,0.558,0.002
0.242,0.744,0.014,0.42,0.578,0.002
0.232,0.752,0.016,0.43,0.57,0.0
0.266,0.716,0.018,0.502,0.498,0.0
0.314,0.678,0.008,0.48,0.52,0.0
0.266,0.71,0.024,0.454,0.546,0.0
0.302,0.688,0.01,0.424,0.574,0.002
0.318,0.672,0.01,0.48,0.518,0.002
0.286,0.706,0.008,0.448,0.552,0.0
0.312,0.682,0.006,0.426,0.572,0.002
0.302,0.688,0.01,0.46,0.538,0.002
0.298,0.694,0.008,0.438,0.56,0.002
0.144,0.802,0.054,0.408,0.59,0.002
0.342,0.644,0.014,0.456,0.542,0.002
0.362,0.628,0.01,0.486,0.514,0.0
0.232,0.746,0.022,0.4,0.598,0.002
0.104,0.836,0.06,0.436,0.564,0.0
0.238,0.74,0.022,0.47,0.528,0.002
0.33,0.656,0.014,0.476,0.52,0.004
0.308,0.676,0.016,0.52,0.48,0.0
0.364,0.634,0.002,0.468,0.53,0.002
0.068,0.838,0.094,0.478,0.522,0.0
0.336,0.654,0.01,0.452,0.548,0.0
0.256,0.726,0.018,0.49,0.506,0.004
0.27,0.714,0.016,0.486,0.512,0.002
0.196,0.764,0.04,0.474,0.524,0.002
0.24,0.736,0.024,0.478,0.522,0.0
0.348,0.644,0.008,0.456,0.544,0.0
0.032,0.812,0.156,0.492,0.506,0.002
0.282,0.708,0.01,0.462,0.538,0.0
0.386,0.612,0.002,0.49,0.508,0.002
0.284,0.704,0.012,0.536,0.464,0.0
0.0,0.284,0.716,0.482,0.514,0.004
0.226,0.754,0.02,0.438,0.56,0.002
0.31,0.674,0.016,0.464,0.534,0.002
0.23,0.742,0.028,0.442,0.556,0.002
0.084,0.82,0.096,0.48,0.52,0.0
0.276,0.704,0.02,0.494,0.504,0.002
0.294,0.69,0.016,0.464,0.536,0.0
0.27,0.71,0.02,0.51,0.49,0.0
0.252,0.728,0.02,0.428,0.57,0.002
0.258,0.728,0.014,0.498,0.5,0.002
0.298,0.688,0.014,0.452,0.548,0.0
0.264,0.722,0.014,0.476,0.524,0.0
0.256,0.728,0.016,0.428,0.572,0.0
0.312,0.682,0.006,0.478,0.522,0.0
0.23,0.742,0.028,0.488,0.512,0.0
0.182,0.77,0.048,0.456,0.542,0.002
0.266,0.716,0.018,0.464,0.534,0.002
0.324,0.67,0.006,0.448,0.552,0.0
0.362,0.636,0.002,0.462,0.536,0.002
0.172,0.796,0.032,0.402,0.596,0.002
0.252,0.732,0.016,0.452,0.548,0.0
0.266,0.712,0.022,0.468,0.532,0.0
0.074,0.818,0.108,0.448,0.548,0.004
0.048,0.866,0.086,0.482,0.518,0.0
0.012,0.824,0.164,0.462,0.536,0.002
0.354,0.638,0.008,0.508,0.49,0.002
0.342,0.652,0.006,0.416,0.584,0.0
0.248,0.738,0.014,0.468,0.53,0.002
0.212,0.774,0.014,0.462,0.538,0.0
0.004,0.738,0.258,0.458,0.54,0.002
0.184,0.768,0.048,0.42,0.58,0.0
0.286,0.704,0.01,0.37,0.628,0.002
0.068,0.828,0.104,0.414,0.584,0.002
0.31,0.68,0.01,0.468,0.53,0.002
0.108,0.806,0.086,0.474,0.524,0.002
0.232,0.75,0.018,0.436,0.564,0.0
0.104,0.82,0.076,0.45,0.548,0.002
0.232,0.75,0.018,0.44,0.558,0.002
0.29,0.706,0.004,0.442,0.558,0.0
0.24,0.738,0.022,0.488,0.51,0.002
0.196,0.788,0.016,0.476,0.524,0.0
0.302,0.69,0.008,0.482,0.514,0.004
0.162,0.806,0.032,0.446,0.552,0.002
0.384,0.612,0.004,0.47,0.528,0.002
0.132,0.808,0.06,0.428,0.57,0.002
0.224,0.762,0.014,0.456,0.544,0.0
0.196,0.776,0.028,0.41,0.588,0.002
0.38,0.614,0.006,0.486,0.512,0.002
0.3,0.686,0.014,0.436,0.564,0.0
0.16,0.8,0.04,0.398,0.6,0.002
0.312,0.668,0.02,0.46,0.536,0.004
0.268,0.716,0.016,0.448,0.552,0.0
0.244,0.736,0.02,0.44,0.56,0.0
0.014,0.794,0.192,0.474,0.524,0.002
0.062,0.836,0.102,0.48,0.518,0.002
0.042,0.818,0.14,0.452,0.548,0.0
0.302,0.69,0.008,0.448,0.552,0.0
0.32,0.668,0.012,0.462,0.536,0.002
0.072,0.812,0.116,0.422,0.574,0.004
0.234,0.75,0.016,0.45,0.546,0.004
0.022,0.84,0.138,0.454,0.546,0.0
0.206,0.772,0.022,0.456,0.542,0.002
0.352,0.648,0.0,0.448,0.552,0.0
0.2,0.778,0.022,0.466,0.532,0.002
0.258,0.728,0.014,0.474,0.526,0.0
0.336,0.66,0.004,0.446,0.554,0.0
0.326,0.668,0.006,0.506,0.494,0.0
0.332,0.658,0.01,0.526,0.474,0.0
0.282,0.7,0.018,0.442,0.558,0.0
0.244,0.736,0.02,0.454,0.544,0.002
0.202,0.784,0.014,0.456,0.544,0.0
0.184,0.792,0.024,0.448,0.552,0.0
0.354,0.644,0.002,0.484,0.514,0.002
0.324,0.668,0.008,0.406,0.592,0.002
0.0,0.558,0.442,0.476,0.522,0.002
0.174,0.784,0.042,0.454,0.542,0.004
0.246,0.738,0.016,0.44,0.558,0.002
0.006,0.736,0.258,0.454,0.542,0.004
0.314,0.672,0.014,0.464,0.536,0.0
0.18,0.774,0.046,0.456,0.544,0.0
0.242,0.73,0.028,0.478,0.522,0.0
0.224,0.754,0.022,0.482,0.518,0.0
0.226,0.754,0.02,0.452,0.544,0.004
0.152,0.804,0.044,0.448,0.55,0.002
0.188,0.792,0.02,0.456,0.54,0.004
0.364,0.632,0.004,0.442,0.556,0.002
0.034,0.82,0.146,0.408,0.59,0.002
0.292,0.706,0.002,0.444,0.556,0.0
0.268,0.72,0.012,0.53,0.468,0.002
0.354,0.642,0.004,0.464,0.536,0.0
0.168,0.796,0.036,0.43,0.57,0.0
0.252,0.734,0.014,0.574,0.426,0.0
0.26,0.728,0.012,0.446,0.554,0.0
0.356,0.642,0.002,0.466,0.534,0.0
0.238,0.746,0.016,0.454,0.544,0.002
0.292,0.698,0.01,0.54,0.458,0.002
0.222,0.754,0.024,0.412,0.586,0.002
0.296,0.688,0.016,0.448,0.55,0.002
0.0,0.334,0.666,0.454,0.542,0.004
0.298,0.69,0.012,0.434,0.564,0.002
0.182,0.79,0.028,0.418,0.58,0.002
0.2,0.774,0.026,0.454,0.546,0.0
0.078,0.806,0.116,0.472,0.526,0.002
0.366,0.634,0.0,0.45,0.55,0.0
0.28,0.704,0.016,0.5,0.498,0.002
0.284,0.704,0.012,0.438,0.562,0.0
0.294,0.688,0.018,0.512,0.488,0.0
0.374,0.618,0.008,0.528,0.472,0.0
0.304,0.69,0.006,0.426,0.574,0.0
0.278,0.708,0.014,0.494,0.502,0.004
0.302,0.686,0.012,0.428,0.572,0.0
0.128,0.794,0.078,0.442,0.558,0.0
0.302,0.684,0.014,0.464,0.536,0.0
0.244,0.74,0.016,0.456,0.544,0.0
0.276,0.708,0.016,0.454,0.546,0.0
0.326,0.664,0.01,0.502,0.496,0.002
0.372,0.626,0.002,0.468,0.532,0.0
0.258,0.726,0.016,0.472,0.528,0.0
0.034,0.79,0.176,0.504,0.494,0.002
0.274,0.712,0.014,0.402,0.594,0.004
0.29,0.696,0.014,0.47,0.53,0.0
0.344,0.652,0.004,0.462,0.538,0.0
0.256,0.73,0.014,0.486,0.514,0.0
0.332,0.652,0.016,0.468,0.53,0.002
0.288,0.696,0.016,0.45,0.548,0.002
0.248,0.736,0.016,0.468,0.53,0.002
0.316,0.672,0.012,0.434,0.566,0.0
0.228,0.74,0.032,0.484,0.514,0.002
0.368,0.63,0.002,0.456,0.542,0.002
0.0,0.38,0.62,0.478,0.52,0.002
0.238,0.752,0.01,0.478,0.522,0.0
0.002,0.686,0.312,0.45,0.55,0.0
0.336,0.654,0.01,0.478,0.52,0.002
0.334,0.66,0.006,0.41,0.59,0.0
